{"cameraMode":{"drawMode":0,"name":"Shaded","section":"Shading Mode"},"sceneLighting":true,"audioPlay":false,"sceneViewState":{"m_AlwaysRefresh":false,"showFog":true,"showSkybox":true,"showFlares":true,"showImageEffects":true,"showParticleSystems":true,"showVisualEffectGraphs":true,"m_FxEnabled":true},"in2DMode":false,"pivot":{"x":2.450000047683716,"y":0.7699999809265137,"z":-1.6399999856948853},"rotation":{"x":-0.14480645954608918,"y":-0.04940532147884369,"z":0.007239673752337694,"w":-0.9882000684738159},"size":0.8660253882408142,"orthographic":false}